{"cameraMode":{"drawMode":0,"name":"Shaded","section":"Shading Mode"},"sceneLighting":true,"audioPlay":false,"sceneViewState":{"showFog":true,"showMaterialUpdate":false,"showSkybox":true,"showFlares":true,"showImageEffects":true,"showParticleSystems":true},"in2DMode":false,"pivot":{"x":235.11907958984376,"y":575.8809204101563,"z":536.614501953125},"rotation":{"x":-0.07161228358745575,"y":0.031727977097034457,"z":0.0021480428986251356,"w":0.9969805479049683},"size":644.6151123046875,"orthographic":false}