{"cameraMode":{"drawMode":0,"name":"Shaded","section":"Shading Mode"},"sceneLighting":false,"audioPlay":false,"sceneViewState":{"showFog":true,"showMaterialUpdate":false,"showSkybox":false,"showFlares":true,"showImageEffects":true,"showParticleSystems":true},"in2DMode":false,"pivot":{"x":-23.56662368774414,"y":32.549049377441409,"z":-12.9119873046875},"rotation":{"x":-0.19210298359394074,"y":-0.6308513283729553,"z":0.1652645766735077,"w":-0.733368456363678},"size":23.33918571472168,"orthographic":false}