{"cameraMode":{"drawMode":0,"name":"Shaded","section":"Shading Mode"},"sceneLighting":false,"audioPlay":false,"sceneViewState":{"showFog":true,"showMaterialUpdate":false,"showSkybox":false,"showFlares":true,"showImageEffects":true,"showParticleSystems":true},"in2DMode":false,"pivot":{"x":11.599279403686524,"y":3.5545313358306886,"z":-0.4559200704097748},"rotation":{"x":0.1973845362663269,"y":0.6821593046188355,"z":-0.19941146671772004,"w":0.6752334237098694},"size":0.6985052824020386,"orthographic":false}