{"cameraMode":{"drawMode":0,"name":"Shaded","section":"Shading Mode"},"sceneLighting":true,"audioPlay":false,"sceneViewState":{"showFog":true,"showMaterialUpdate":false,"showSkybox":true,"showFlares":true,"showImageEffects":true,"showParticleSystems":true},"in2DMode":false,"pivot":{"x":146.21730041503907,"y":138.12501525878907,"z":218.32696533203126},"rotation":{"x":0.1033099964261055,"y":-0.014334902167320252,"z":0.001341407303698361,"w":0.9945963621139526},"size":336.4789733886719,"orthographic":false}